{
  "acc": 0.4953,
  "nll": 1.8743888622597804,
  "ece": 0.012603569775819778,
  "brier": 0.639653742313385
}