method_short,count,mean,std
ce,5,0.0033253385219722403,0.0008785185986179995
