method,count,mean,std
ce,5,0.0033253385219722984,0.000878518598618009
plr_0.7,15,0.0770667791366577,0.0
