dataset,method,acc_mean,acc_std,acc_n,acc_ci95,nll_mean,nll_std,nll_n,nll_ci95,ece_mean,ece_std,ece_n,ece_ci95,brier_mean,brier_std,brier_n,brier_ci95
cifar10,ce,0.83065,0.00625357675432405,10,0.004473228520207742,0.495332286572909,0.014452969331582759,10,0.010338313121530081,0.01893401057459414,0.007304030323369833,10,0.005224625528481532,0.2421107217669487,0.007610830637595711,10,0.005444082004274358
cifar10,"plr(l=0.6,t=0.35,k=2,f)",0.81135,0.005694685631748661,10,0.004073449672452098,0.5474005596169943,0.013629243247476136,10,0.00974909591719706,0.012216009525582194,0.004958829505946554,10,0.003547086482549369,0.2666757345199585,0.007077080735247099,10,0.005062286852532915
cifar100,ce,0.4924,0.01956825660774784,7,0.018098270883929644,1.882063221112298,0.07838410501836794,7,0.07249581779580333,0.022840772223259722,0.008248329217046196,7,0.007628707017815136,0.6433176824024746,0.01944922402093609,7,0.01798818013628067
cifar100,"plr(l=0.6,t=0.35,k=2,f)",0.4526125,0.05216297092492226,8,0.04361626472823173,2.060034663239612,0.22806569656984316,8,0.19069799171017357,0.022350485785864294,0.009003049483592354,8,0.00752793375597633,0.6837301254272461,0.04847178922377022,8,0.040529869237661005
mnist,ce,0.97814,0.0008354639429682026,5,0.0010371991947547793,0.07044814460176999,0.003790804390022937,5,0.004706150748811331,0.0033253385219722984,0.000878518598618009,5,0.0010906500402954866,0.03387933969497681,0.0015445470243972748,5,0.001917500980681719
mnist,"plr(l=0.6,t=0.3,k=2,i)",0.97822,0.0013217412757419316,5,0.0016408954550488155,0.12291480912060677,0.006422745646800466,5,0.007973613546156052,0.060462722182273866,0.008382320133999845,5,0.01040635657150354,0.04075061604380607,0.001443280485089378,5,0.0017917821224236415
mnist,"plr(l=0.7,t=0.3,k=2,i)",0.97798,0.0013084341787037324,5,0.0016243751606079707,0.1328365997706033,0.0072520723645736,5,0.009003193590995471,0.06907101273536682,0.007324067504626319,5,0.009092573033301073,0.04312373995780945,0.0019289746052103545,5,0.0023947543446560748
